Item Ismi,Item Linki,Fiyatı
[+1] All-Purpose Tool,https://5e.tools/items.html#%2b1%20all-purpose%20tool_tce,625.0
[+1] Ammunition,https://5e.tools/items.html#%2b1%20ammunition_xdmg,10.0
[+1] Amulet of the Devout,https://5e.tools/items.html#%2b1%20amulet%20of%20the%20devout_tce,625.0
[+1] Arcane Grimoire,https://5e.tools/items.html#%2b1%20arcane%20grimoire_tce,625.0
[+1] Armor,https://5e.tools/items.html#%2b1%20armor_xdmg,1750.0
[+1] Bloodwell Vial,https://5e.tools/items.html#%2b1%20bloodwell%20vial_tce,625.0
[+1] Dragonhide Belt,https://5e.tools/items.html#%2b1%20dragonhide%20belt_ftd,625.0
[+1] Moon Sickle,https://5e.tools/items.html#%2b1%20moon%20sickle_tce,625.0
[+1] Rhythm-Maker's Drum,https://5e.tools/items.html#%2b1%20rhythm-maker's%20drum_tce,625.0
[+1] Rod of the Pact Keeper,https://5e.tools/items.html#%2b1%20rod%20of%20the%20pact%20keeper_xdmg,625.0
[+1] Shield,https://5e.tools/items.html#%2b1%20shield%20(*)_xdmg,750.0
[+1] Wand of the War Mage,https://5e.tools/items.html#%2b1%20wand%20of%20the%20war%20mage_xdmg,500.0
[+1] Weapon,https://5e.tools/items.html#%2b1%20weapon_xdmg,500.0
[+1] Wraps of Unarmed Power,https://5e.tools/items.html#%2b1%20wraps%20of%20unarmed%20power_xdmg,500.0
[+2] All-Purpose Tool,https://5e.tools/items.html#%2b2%20all-purpose%20tool_tce,1250.0
[+2] Ammunition,https://5e.tools/items.html#%2b2%20ammunition_xdmg,25.0
[+2] Amulet of the Devout,https://5e.tools/items.html#%2b2%20amulet%20of%20the%20devout_tce,1250.0
[+2] Arcane Grimoire,https://5e.tools/items.html#%2b2%20arcane%20grimoire_tce,1250.0
[+2] Armor,https://5e.tools/items.html#%2b2%20armor_xdmg,3500.0
[+2] Bloodwell Vial,https://5e.tools/items.html#%2b2%20bloodwell%20vial_tce,1250.0
[+2] Dragonhide Belt,https://5e.tools/items.html#%2b2%20dragonhide%20belt_ftd,1250.0
[+2] Moon Sickle,https://5e.tools/items.html#%2b2%20moon%20sickle_tce,1250.0
[+2] Rhythm-Maker's Drum,https://5e.tools/items.html#%2b2%20rhythm-maker's%20drum_tce,1250.0
[+2] Rod of the Pact Keeper,https://5e.tools/items.html#%2b2%20rod%20of%20the%20pact%20keeper_xdmg,1250.0
[+2] Shield,https://5e.tools/items.html#%2b2%20shield%20(*)_xdmg,1500.0
[+2] Wand of the War Mage,https://5e.tools/items.html#%2b2%20wand%20of%20the%20war%20mage_xdmg,1000.0
[+2] Weapon,https://5e.tools/items.html#%2b2%20weapon_xdmg,1000.0
[+2] Wraps of Unarmed Power,https://5e.tools/items.html#%2b2%20wraps%20of%20unarmed%20power_xdmg,1000.0
[+3] All-Purpose Tool,https://5e.tools/items.html#%2b3%20all-purpose%20tool_tce,2500.0
[+3] Ammunition,https://5e.tools/items.html#%2b3%20ammunition_xdmg,50.0
[+3] Amulet of the Devout,https://5e.tools/items.html#%2b3%20amulet%20of%20the%20devout_tce,2500.0
[+3] Arcane Grimoire,https://5e.tools/items.html#%2b3%20arcane%20grimoire_tce,2500.0
[+3] Armor,https://5e.tools/items.html#%2b3%20armor_xdmg,
[+3] Bloodwell Vial,https://5e.tools/items.html#%2b3%20bloodwell%20vial_tce,2500.0
[+3] Dragonhide Belt,https://5e.tools/items.html#%2b3%20dragonhide%20belt_ftd,2500.0
[+3] Moon Sickle,https://5e.tools/items.html#%2b3%20moon%20sickle_tce,2500.0
[+3] Rhythm-Maker's Drum,https://5e.tools/items.html#%2b3%20rhythm-maker's%20drum_tce,2500.0
[+3] Rod of the Pact Keeper,https://5e.tools/items.html#%2b3%20rod%20of%20the%20pact%20keeper_xdmg,2500.0
[+3] Shield,https://5e.tools/items.html#%2b3%20shield%20(*)_xdmg,3000.0
[+3] Wand of the War Mage,https://5e.tools/items.html#%2b3%20wand%20of%20the%20war%20mage_xdmg,2000.0
[+3] Weapon,https://5e.tools/items.html#%2b3%20weapon_xdmg,2000.0
[+3] Wraps of Unarmed Power,https://5e.tools/items.html#%2b3%20wraps%20of%20unarmed%20power_xdmg,2000.0
Adamantine Armor,https://5e.tools/items.html#adamantine%20armor_xdmg,325.0
Adamantine Weapon,https://5e.tools/items.html#adamantine%20weapon_xdmg,200.0
Alchemy Jug,https://5e.tools/items.html#alchemy%20jug_xdmg,500.0
Ammunition of Slaying,https://5e.tools/items.html#ammunition%20of%20slaying_xdmg,250.0
Amulet of Health,https://5e.tools/items.html#amulet%20of%20health_xdmg,
Amulet of Proof against Detection and Location,https://5e.tools/items.html#amulet%20of%20proof%20against%20detection%20and%20location_xdmg,750.0
Amulet of the Planes,https://5e.tools/items.html#amulet%20of%20the%20planes_xdmg,
Animated Shield,https://5e.tools/items.html#animated%20shield_xdmg,2500.0
Apparatus of Kwalish,https://5e.tools/items.html#apparatus%20of%20kwalish_xdmg,
Armor of Gleaming,https://5e.tools/items.html#armor%20of%20gleaming_xdmg,25.0
Armor of Invulnerability,https://5e.tools/items.html#armor%20of%20invulnerability_xdmg,
Armor of Resistance,https://5e.tools/items.html#armor%20of%20resistance_xdmg,1000.0
Armor of Vulnerability,https://5e.tools/items.html#armor%20of%20vulnerability_xdmg,500.0
Arrow-Catching Shield,https://5e.tools/items.html#arrow-catching%20shield_xdmg,1000.0
Axe of the Dwarvish Lords,https://5e.tools/items.html#axe%20of%20the%20dwarvish%20lords_xdmg,
Baba Yaga's Dancing Broom,https://5e.tools/items.html#baba%20yaga's%20dancing%20broom_xdmg,200.0
Bag of Beans,https://5e.tools/items.html#bag%20of%20beans_xdmg,
Bag of Devouring,https://5e.tools/items.html#bag%20of%20devouring_xdmg,
Bag of Holding,https://5e.tools/items.html#bag%20of%20holding_xdmg,500.0
Bag of Tricks,https://5e.tools/items.html#bag%20of%20tricks_xdmg,1500.0
Bead of Force,https://5e.tools/items.html#bead%20of%20force_xdmg,500.0
Bead of Nourishment,https://5e.tools/items.html#bead%20of%20nourishment_xdmg,10.0
Bead of Refreshment,https://5e.tools/items.html#bead%20of%20refreshment_xdmg,10.0
Belt of Cloud Giant Strength,https://5e.tools/items.html#belt%20of%20cloud%20giant%20strength_xdmg,
Belt of Dwarvenkind,https://5e.tools/items.html#belt%20of%20dwarvenkind_xdmg,1500.0
Belt of Fire Giant Strength,https://5e.tools/items.html#belt%20of%20fire%20giant%20strength_xdmg,
Belt of Frost Giant Strength,https://5e.tools/items.html#belt%20of%20frost%20giant%20strength_xdmg,
Belt of Hill Giant Strength,https://5e.tools/items.html#belt%20of%20hill%20giant%20strength_xdmg,
Belt of Stone Giant Strength,https://5e.tools/items.html#belt%20of%20stone%20giant%20strength_xdmg,
Belt of Storm Giant Strength,https://5e.tools/items.html#belt%20of%20storm%20giant%20strength_xdmg,
Berserker Axe,https://5e.tools/items.html#berserker%20axe_xdmg,1000.0
Blackrazor,https://5e.tools/items.html#blackrazor_xdmg,
Eye of Vecna,https://5e.tools/items.html#eye%20of%20vecna_xdmg,
Hand of Vecna,https://5e.tools/items.html#hand%20of%20vecna_xdmg,
Boots of Elvenkind,https://5e.tools/items.html#boots%20of%20elvenkind_xdmg,250.0
Boots of False Tracks,https://5e.tools/items.html#boots%20of%20false%20tracks_xdmg,25.0
Boots of Levitation,https://5e.tools/items.html#boots%20of%20levitation_xdmg,1000.0
Boots of Speed,https://5e.tools/items.html#boots%20of%20speed_xdmg,1000.0
Boots of Striding and Springing,https://5e.tools/items.html#boots%20of%20striding%20and%20springing_xdmg,200.0
Boots of the Winterlands,https://5e.tools/items.html#boots%20of%20the%20winterlands_xdmg,500.0
Bowl of Commanding Water Elementals,https://5e.tools/items.html#bowl%20of%20commanding%20water%20elementals_xdmg,1500.0
Bracers of Archery,https://5e.tools/items.html#bracers%20of%20archery_xdmg,500.0
Bracers of Defense,https://5e.tools/items.html#bracers%20of%20defense_xdmg,1000.0
Brazier of Commanding Fire Elementals,https://5e.tools/items.html#brazier%20of%20commanding%20fire%20elementals_xdmg,1500.0
Brooch of Shielding,https://5e.tools/items.html#brooch%20of%20shielding_xdmg,500.0
Broom of Flying,https://5e.tools/items.html#broom%20of%20flying_xdmg,750.0
Candle of Invocation,https://5e.tools/items.html#candle%20of%20invocation_xdmg,1000.0
Candle of the Deep,https://5e.tools/items.html#candle%20of%20the%20deep_xdmg,50.0
Cap of Water Breathing,https://5e.tools/items.html#cap%20of%20water%20breathing_xdmg,250.0
Cape of the Mountebank,https://5e.tools/items.html#cape%20of%20the%20mountebank_xdmg,1000.0
Carpet of Flying,https://5e.tools/items.html#carpet%20of%20flying_xdmg,4000.0
Cast-Off Armor,https://5e.tools/items.html#cast-off%20armor_xdmg,50.0
Cauldron of Rebirth,https://5e.tools/items.html#cauldron%20of%20rebirth_xdmg,5000.0
Censer of Controlling Air Elementals,https://5e.tools/items.html#censer%20of%20controlling%20air%20elementals_xdmg,1500.0
Charlatan's Die,https://5e.tools/items.html#charlatan's%20die_xdmg,50.0
Chime of Opening,https://5e.tools/items.html#chime%20of%20opening_xdmg,2500.0
Circlet of Blasting,https://5e.tools/items.html#circlet%20of%20blasting_xdmg,250.0
Cloak of Arachnida,https://5e.tools/items.html#cloak%20of%20arachnida_xdmg,3250.0
Cloak of Billowing,https://5e.tools/items.html#cloak%20of%20billowing_xdmg,25.0
Cloak of Displacement,https://5e.tools/items.html#cloak%20of%20displacement_xdmg,2500.0
Cloak of Elvenkind,https://5e.tools/items.html#cloak%20of%20elvenkind_xdmg,250.0
Cloak of Invisibility,https://5e.tools/items.html#cloak%20of%20invisibility_xdmg,
Cloak of Many Fashions,https://5e.tools/items.html#cloak%20of%20many%20fashions_xdmg,25.0
Cloak of Protection,https://5e.tools/items.html#cloak%20of%20protection_xdmg,750.0
Cloak of the Bat,https://5e.tools/items.html#cloak%20of%20the%20bat_xdmg,1000.0
Cloak of the Manta Ray,https://5e.tools/items.html#cloak%20of%20the%20manta%20ray_xdmg,500.0
Clockwork Amulet,https://5e.tools/items.html#clockwork%20amulet_xdmg,50.0
Clothes of Mending,https://5e.tools/items.html#clothes%20of%20mending_xdmg,50.0
Crystal Ball,https://5e.tools/items.html#crystal%20ball_xdmg,3250.0
Crystal Ball of Mind Reading,https://5e.tools/items.html#crystal%20ball%20of%20mind%20reading_xdmg,
Crystal Ball of Telepathy,https://5e.tools/items.html#crystal%20ball%20of%20telepathy_xdmg,
Crystal Ball of True Seeing,https://5e.tools/items.html#crystal%20ball%20of%20true%20seeing_xdmg,
Cube of Force,https://5e.tools/items.html#cube%20of%20force_xdmg,2000.0
Cube of Summoning,https://5e.tools/items.html#cube%20of%20summoning_xdmg,2000.0
Cubic Gate,https://5e.tools/items.html#cubic%20gate_xdmg,
Daern's Instant Fortress,https://5e.tools/items.html#daern's%20instant%20fortress_xdmg,2500.0
Dagger of Venom,https://5e.tools/items.html#dagger%20of%20venom_xdmg,1250.0
Dancing Sword,https://5e.tools/items.html#dancing%20sword_xdmg,5000.0
Dark Shard Amulet,https://5e.tools/items.html#dark%20shard%20amulet_xdmg,50.0
Decanter of Endless Water,https://5e.tools/items.html#decanter%20of%20endless%20water_xdmg,250.0
Deck of Illusions,https://5e.tools/items.html#deck%20of%20illusions_xdmg,300.0
Deck of Many Things,https://5e.tools/items.html#deck%20of%20many%20things_xdmg,
Defender,https://5e.tools/items.html#defender_xdmg,
Demon Armor,https://5e.tools/items.html#demon%20armor_xdmg,3500.0
Orb of Dragonkind,https://5e.tools/items.html#orb%20of%20dragonkind_xdmg,
Dimensional Shackles,https://5e.tools/items.html#dimensional%20shackles_xdmg,1250.0
Dragon Scale Mail,https://5e.tools/items.html#dragon%20scale%20mail_xdmg,4000.0
Dragon Slayer,https://5e.tools/items.html#dragon%20slayer_xdmg,1000.0
Dread Helm,https://5e.tools/items.html#dread%20helm_xdmg,25.0
Driftglobe,https://5e.tools/items.html#driftglobe_xdmg,500.0
Dust of Disappearance,https://5e.tools/items.html#dust%20of%20disappearance_xdmg,150.0
Dust of Dryness,https://5e.tools/items.html#dust%20of%20dryness_xdmg,100.0
Dust of Sneezing and Choking,https://5e.tools/items.html#dust%20of%20sneezing%20and%20choking_xdmg,200.0
Dwarven Plate,https://5e.tools/items.html#dwarven%20plate_xdmg,5000.0
Dwarven Thrower,https://5e.tools/items.html#dwarven%20thrower_xdmg,4500.0
Ear Horn of Hearing,https://5e.tools/items.html#ear%20horn%20of%20hearing_xdmg,25.0
Efreeti Bottle,https://5e.tools/items.html#efreeti%20bottle_xdmg,
Efreeti Chain,https://5e.tools/items.html#efreeti%20chain_xdmg,
Elemental Gem,https://5e.tools/items.html#elemental%20gem_xdmg,250.0
Elixir of Health,https://5e.tools/items.html#elixir%20of%20health_xdmg,200.0
Elven Chain,https://5e.tools/items.html#elven%20chain_xdmg,2500.0
Enduring Spellbook,https://5e.tools/items.html#enduring%20spellbook_xdmg,50.0
Energy Bow,https://5e.tools/items.html#energy%20bow_xdmg,3000.0
Enspelled Armor (Cantrip),https://5e.tools/items.html#enspelled%20armor%20(cantrip)_xdmg,100.0
Enspelled Armor (Level 1),https://5e.tools/items.html#enspelled%20armor%20(level%201)_xdmg,250.0
Enspelled Armor (Level 2),https://5e.tools/items.html#enspelled%20armor%20(level%202)_xdmg,
Enspelled Armor (Level 3),https://5e.tools/items.html#enspelled%20armor%20(level%203)_xdmg,
Enspelled Armor (Level 4),https://5e.tools/items.html#enspelled%20armor%20(level%204)_xdmg,
Enspelled Armor (Level 5),https://5e.tools/items.html#enspelled%20armor%20(level%205)_xdmg,
Enspelled Armor (Level 6),https://5e.tools/items.html#enspelled%20armor%20(level%206)_xdmg,
Enspelled Armor (Level 7),https://5e.tools/items.html#enspelled%20armor%20(level%207)_xdmg,
Enspelled Armor (Level 8),https://5e.tools/items.html#enspelled%20armor%20(level%208)_xdmg,
Enspelled Staff (Cantrip),https://5e.tools/items.html#enspelled%20staff%20(cantrip)_xdmg,50.0
Enspelled Staff (Level 1),https://5e.tools/items.html#enspelled%20staff%20(level%201)_xdmg,250.0
Enspelled Staff (Level 2),https://5e.tools/items.html#enspelled%20staff%20(level%202)_xdmg,
Enspelled Staff (Level 3),https://5e.tools/items.html#enspelled%20staff%20(level%203)_xdmg,
Enspelled Staff (Level 4),https://5e.tools/items.html#enspelled%20staff%20(level%204)_xdmg,
Enspelled Staff (Level 5),https://5e.tools/items.html#enspelled%20staff%20(level%205)_xdmg,
Enspelled Staff (Level 6),https://5e.tools/items.html#enspelled%20staff%20(level%206)_xdmg,
Enspelled Staff (Level 7),https://5e.tools/items.html#enspelled%20staff%20(level%207)_xdmg,
Enspelled Staff (Level 8),https://5e.tools/items.html#enspelled%20staff%20(level%208)_xdmg,
Enspelled Weapon (Cantrip),https://5e.tools/items.html#enspelled%20weapon%20(cantrip)_xdmg,75.0
Enspelled Weapon (Level 1),https://5e.tools/items.html#enspelled%20weapon%20(level%201)_xdmg,250.0
Enspelled Weapon (Level 2),https://5e.tools/items.html#enspelled%20weapon%20(level%202)_xdmg,
Enspelled Weapon (Level 3),https://5e.tools/items.html#enspelled%20weapon%20(level%203)_xdmg,
Enspelled Weapon (Level 4),https://5e.tools/items.html#enspelled%20weapon%20(level%204)_xdmg,
Enspelled Weapon (Level 5),https://5e.tools/items.html#enspelled%20weapon%20(level%205)_xdmg,
Enspelled Weapon (Level 6),https://5e.tools/items.html#enspelled%20weapon%20(level%206)_xdmg,
Enspelled Weapon (Level 7),https://5e.tools/items.html#enspelled%20weapon%20(level%207)_xdmg,
Enspelled Weapon (Level 8),https://5e.tools/items.html#enspelled%20weapon%20(level%208)_xdmg,
Ersatz Eye,https://5e.tools/items.html#ersatz%20eye_xdmg,25.0
Eversmoking Bottle,https://5e.tools/items.html#eversmoking%20bottle_xdmg,250.0
Executioner’s Axe,https://5e.tools/items.html#executioner's%20axe_xdmg,2500.0
Sword of Kas,https://5e.tools/items.html#sword%20of%20kas_xdmg,
Wand of Orcus,https://5e.tools/items.html#wand%20of%20orcus_xdmg,
Eyes of Charming,https://5e.tools/items.html#eyes%20of%20charming_xdmg,250.0
Eyes of Minute Seeing,https://5e.tools/items.html#eyes%20of%20minute%20seeing_xdmg,250.0
Eyes of the Eagle,https://5e.tools/items.html#eyes%20of%20the%20eagle_xdmg,250.0
"Figurine of Wondrous Power, Bronze Griffon",https://5e.tools/items.html#figurine%20of%20wondrous%20power%2c%20bronze%20griffon_xdmg,1500.0
"Figurine of Wondrous Power, Ebony Fly",https://5e.tools/items.html#figurine%20of%20wondrous%20power%2c%20ebony%20fly_xdmg,1000.0
"Figurine of Wondrous Power, Golden Lions",https://5e.tools/items.html#figurine%20of%20wondrous%20power%2c%20golden%20lions_xdmg,1000.0
"Figurine of Wondrous Power, Ivory Goats",https://5e.tools/items.html#figurine%20of%20wondrous%20power%2c%20ivory%20goats_xdmg,2500.0
"Figurine of Wondrous Power, Marble Elephant",https://5e.tools/items.html#figurine%20of%20wondrous%20power%2c%20marble%20elephant_xdmg,2000.0
"Figurine of Wondrous Power, Obsidian Steed",https://5e.tools/items.html#figurine%20of%20wondrous%20power%2c%20obsidian%20steed_xdmg,3000.0
"Figurine of Wondrous Power, Onyx Dog",https://5e.tools/items.html#figurine%20of%20wondrous%20power%2c%20onyx%20dog_xdmg,1750.0
"Figurine of Wondrous Power, Serpentine Owl",https://5e.tools/items.html#figurine%20of%20wondrous%20power%2c%20serpentine%20owl_xdmg,1000.0
"Figurine of Wondrous Power, Silver Raven",https://5e.tools/items.html#figurine%20of%20wondrous%20power%2c%20silver%20raven_xdmg,200.0
Flame Tongue,https://5e.tools/items.html#flame%20tongue_xdmg,1500.0
Folding Boat,https://5e.tools/items.html#folding%20boat_xdmg,500.0
Frost Brand,https://5e.tools/items.html#frost%20brand_xdmg,3500.0
Gauntlets of Ogre Power,https://5e.tools/items.html#gauntlets%20of%20ogre%20power_xdmg,
Gem of Brightness,https://5e.tools/items.html#gem%20of%20brightness_xdmg,250.0
Gem of Seeing,https://5e.tools/items.html#gem%20of%20seeing_xdmg,1000.0
Giant Slayer,https://5e.tools/items.html#giant%20slayer_xdmg,1000.0
Glamoured Studded Leather,https://5e.tools/items.html#glamoured%20studded%20leather_xdmg,1800.0
Gloves of Missile Snaring,https://5e.tools/items.html#gloves%20of%20missile%20snaring_xdmg,250.0
Gloves of Swimming and Climbing,https://5e.tools/items.html#gloves%20of%20swimming%20and%20climbing_xdmg,250.0
Gloves of Thievery,https://5e.tools/items.html#gloves%20of%20thievery_xdmg,500.0
Goggles of Night,https://5e.tools/items.html#goggles%20of%20night_xdmg,100.0
Hag Eye,https://5e.tools/items.html#hag%20eye_xdmg,500.0
Hammer of Thunderbolts,https://5e.tools/items.html#hammer%20of%20thunderbolts_xdmg,
Wave,https://5e.tools/items.html#wave_xdmg,
Hat of Disguise,https://5e.tools/items.html#hat%20of%20disguise_xdmg,500.0
Hat of Many Spells,https://5e.tools/items.html#hat%20of%20many%20spells_xdmg,
Hat of Vermin,https://5e.tools/items.html#hat%20of%20vermin_xdmg,25.0
Hat of Wizardry,https://5e.tools/items.html#hat%20of%20wizardry_xdmg,50.0
Headband of Intellect,https://5e.tools/items.html#headband%20of%20intellect_xdmg,
Helm of Brilliance,https://5e.tools/items.html#helm%20of%20brilliance_xdmg,
Helm of Comprehending Languages,https://5e.tools/items.html#helm%20of%20comprehending%20languages_xdmg,500.0
Helm of Telepathy,https://5e.tools/items.html#helm%20of%20telepathy_xdmg,500.0
Helm of Teleportation,https://5e.tools/items.html#helm%20of%20teleportation_xdmg,2500.0
Heward's Handy Haversack,https://5e.tools/items.html#heward's%20handy%20haversack_xdmg,1250.0
Heward's Handy Spice Pouch,https://5e.tools/items.html#heward's%20handy%20spice%20pouch_xdmg,25.0
Holy Avenger,https://5e.tools/items.html#holy%20avenger_xdmg,
Horn of Blasting,https://5e.tools/items.html#horn%20of%20blasting_xdmg,1000.0
Horn of Silent Alarm,https://5e.tools/items.html#horn%20of%20silent%20alarm_xdmg,50.0
"Horn of Valhalla, Brass",https://5e.tools/items.html#horn%20of%20valhalla%2c%20brass_xdmg,
"Horn of Valhalla, Bronze",https://5e.tools/items.html#horn%20of%20valhalla%2c%20bronze_xdmg,
"Horn of Valhalla, Iron",https://5e.tools/items.html#horn%20of%20valhalla%2c%20iron_xdmg,
"Horn of Valhalla, Silver",https://5e.tools/items.html#horn%20of%20valhalla%2c%20silver_xdmg,
Horseshoes of a Zephyr,https://5e.tools/items.html#horseshoes%20of%20a%20zephyr_xdmg,2000.0
Horseshoes of Speed,https://5e.tools/items.html#horseshoes%20of%20speed_xdmg,500.0
Immovable Rod,https://5e.tools/items.html#immovable%20rod_xdmg,1000.0
Instrument of Illusions,https://5e.tools/items.html#instrument%20of%20illusions_xdmg,25.0
Instrument of Scribing,https://5e.tools/items.html#instrument%20of%20scribing_xdmg,25.0
"Instrument of the Bards, Anstruth Harp",https://5e.tools/items.html#instrument%20of%20the%20bards%2c%20anstruth%20harp_xdmg,4000.0
"Instrument of the Bards, Canaith Mandolin",https://5e.tools/items.html#instrument%20of%20the%20bards%2c%20canaith%20mandolin_xdmg,1000.0
"Instrument of the Bards, Cli Lyre",https://5e.tools/items.html#instrument%20of%20the%20bards%2c%20cli%20lyre_xdmg,1000.0
"Instrument of the Bards, Doss Lute",https://5e.tools/items.html#instrument%20of%20the%20bards%2c%20doss%20lute_xdmg,500.0
"Instrument of the Bards, Fochlucan Bandore",https://5e.tools/items.html#instrument%20of%20the%20bards%2c%20fochlucan%20bandore_xdmg,500.0
"Instrument of the Bards, Mac-Fuirmidh Cittern",https://5e.tools/items.html#instrument%20of%20the%20bards%2c%20mac-fuirmidh%20cittern_xdmg,500.0
"Instrument of the Bards, Ollamh Harp",https://5e.tools/items.html#instrument%20of%20the%20bards%2c%20ollamh%20harp_xdmg,
"Ioun Stone, Absorption",https://5e.tools/items.html#ioun%20stone%2c%20absorption_xdmg,5000.0
"Ioun Stone, Agility",https://5e.tools/items.html#ioun%20stone%2c%20agility_xdmg,5000.0
"Ioun Stone, Awareness",https://5e.tools/items.html#ioun%20stone%2c%20awareness_xdmg,1500.0
"Ioun Stone, Fortitude",https://5e.tools/items.html#ioun%20stone%2c%20fortitude_xdmg,5000.0
"Ioun Stone, Greater Absorption",https://5e.tools/items.html#ioun%20stone%2c%20greater%20absorption_xdmg,
"Ioun Stone, Insight",https://5e.tools/items.html#ioun%20stone%2c%20insight_xdmg,5000.0
"Ioun Stone, Intellect",https://5e.tools/items.html#ioun%20stone%2c%20intellect_xdmg,5000.0
"Ioun Stone, Leadership",https://5e.tools/items.html#ioun%20stone%2c%20leadership_xdmg,5000.0
"Ioun Stone, Mastery",https://5e.tools/items.html#ioun%20stone%2c%20mastery_xdmg,
"Ioun Stone, Protection",https://5e.tools/items.html#ioun%20stone%2c%20protection_xdmg,1500.0
"Ioun Stone, Regeneration",https://5e.tools/items.html#ioun%20stone%2c%20regeneration_xdmg,
"Ioun Stone, Reserve",https://5e.tools/items.html#ioun%20stone%2c%20reserve_xdmg,1500.0
"Ioun Stone, Strength",https://5e.tools/items.html#ioun%20stone%2c%20strength_xdmg,5000.0
"Ioun Stone, Sustenance",https://5e.tools/items.html#ioun%20stone%2c%20sustenance_xdmg,1500.0
Iron Bands of Bilarro,https://5e.tools/items.html#iron%20bands%20of%20bilarro_xdmg,2500.0
Iron Flask,https://5e.tools/items.html#iron%20flask_xdmg,
Javelin of Lightning,https://5e.tools/items.html#javelin%20of%20lightning_xdmg,200.0
Keoghtom's Ointment,https://5e.tools/items.html#keoghtom's%20ointment_xdmg,100.0
Lantern of Revealing,https://5e.tools/items.html#lantern%20of%20revealing_xdmg,100.0
Lock of Trickery,https://5e.tools/items.html#lock%20of%20trickery_xdmg,50.0
Luck Blade,https://5e.tools/items.html#luck%20blade_xdmg,
Lute of Thunderous Thumping,https://5e.tools/items.html#lute%20of%20thunderous%20thumping_xdmg,3000.0
Mace of Disruption,https://5e.tools/items.html#mace%20of%20disruption_xdmg,1250.0
Mace of Smiting,https://5e.tools/items.html#mace%20of%20smiting_xdmg,1250.0
Mace of Terror,https://5e.tools/items.html#mace%20of%20terror_xdmg,1250.0
Mantle of Spell Resistance,https://5e.tools/items.html#mantle%20of%20spell%20resistance_xdmg,2000.0
Manual of Bodily Health,https://5e.tools/items.html#manual%20of%20bodily%20health_xdmg,
Manual of Clay Golems,https://5e.tools/items.html#manual%20of%20clay%20golems_xdmg,
Manual of Flesh Golems,https://5e.tools/items.html#manual%20of%20flesh%20golems_xdmg,
Manual of Gainful Exercise,https://5e.tools/items.html#manual%20of%20gainful%20exercise_xdmg,
Manual of Golems,https://5e.tools/items.html#manual%20of%20golems_xdmg,
Manual of Iron Golems,https://5e.tools/items.html#manual%20of%20iron%20golems_xdmg,
Manual of Quickness of Action,https://5e.tools/items.html#manual%20of%20quickness%20of%20action_xdmg,
Manual of Stone Golems,https://5e.tools/items.html#manual%20of%20stone%20golems_xdmg,
Mariner's Armor,https://5e.tools/items.html#mariner's%20armor_xdmg,250.0
Medallion of Thoughts,https://5e.tools/items.html#medallion%20of%20thoughts_xdmg,200.0
Mirror of Life Trapping,https://5e.tools/items.html#mirror%20of%20life%20trapping_xdmg,
Mithral Armor,https://5e.tools/items.html#mithral%20armor_xdmg,200.0
Moon-Touched Sword,https://5e.tools/items.html#moon-touched%20sword_xdmg,50.0
Moonblade,https://5e.tools/items.html#moonblade_xdmg,
Mystery Key,https://5e.tools/items.html#mystery%20key_xdmg,20.0
Nature's Mantle,https://5e.tools/items.html#nature's%20mantle_xdmg,200.0
Necklace of Adaptation,https://5e.tools/items.html#necklace%20of%20adaptation_xdmg,200.0
Necklace of Fireballs (EA),https://5e.tools/items.html#necklace%20of%20fireballs_xdmg,300.0
Necklace of Prayer Beads,https://5e.tools/items.html#necklace%20of%20prayer%20beads_xdmg,2000.0
Nine Lives Stealer,https://5e.tools/items.html#nine%20lives%20stealer_xdmg,5000.0
Nolzur’s Marvelous Pigments,https://5e.tools/items.html#nolzur's%20marvelous%20pigments_xdmg,2000.0
Oathbow,https://5e.tools/items.html#oathbow_xdmg,5000.0
Oil of Etherealness,https://5e.tools/items.html#oil%20of%20etherealness_xdmg,500.0
Oil of Sharpness,https://5e.tools/items.html#oil%20of%20sharpness_xdmg,500.0
Oil of Slipperiness,https://5e.tools/items.html#oil%20of%20slipperiness_xdmg,250.0
Orb of Direction,https://5e.tools/items.html#orb%20of%20direction_xdmg,25.0
Whelm,https://5e.tools/items.html#whelm_xdmg,
Orb of Time,https://5e.tools/items.html#orb%20of%20time_xdmg,25.0
Pearl of Power,https://5e.tools/items.html#pearl%20of%20power_xdmg,750.0
Perfume of Bewitching,https://5e.tools/items.html#perfume%20of%20bewitching_xdmg,20.0
Periapt of Health,https://5e.tools/items.html#periapt%20of%20health_xdmg,150.0
Periapt of Proof against Poison,https://5e.tools/items.html#periapt%20of%20proof%20against%20poison_xdmg,1000.0
Periapt of Wound Closure,https://5e.tools/items.html#periapt%20of%20wound%20closure_xdmg,250.0
Philter of Love,https://5e.tools/items.html#philter%20of%20love_xdmg,500.0
Pipe of Smoke Monsters,https://5e.tools/items.html#pipe%20of%20smoke%20monsters_xdmg,25.0
Pipes of Haunting,https://5e.tools/items.html#pipes%20of%20haunting_xdmg,250.0
Pipes of the Sewers,https://5e.tools/items.html#pipes%20of%20the%20sewers_xdmg,250.0
Plate Armor of Etherealness,https://5e.tools/items.html#plate%20armor%20of%20etherealness%20(*)_xdmg,
Pole of Angling,https://5e.tools/items.html#pole%20of%20angling_xdmg,25.0
Pole of Collapsing,https://5e.tools/items.html#pole%20of%20collapsing_xdmg,25.0
Portable Hole,https://5e.tools/items.html#portable%20hole_xdmg,2500.0
Pot of Awakening,https://5e.tools/items.html#pot%20of%20awakening_xdmg,25.0
Potion of Animal Friendship,https://5e.tools/items.html#potion%20of%20animal%20friendship_xdmg,100.0
Potion of Clairvoyance,https://5e.tools/items.html#potion%20of%20clairvoyance_xdmg,250.0
Potion of Climbing,https://5e.tools/items.html#potion%20of%20climbing_xdmg,20.0
Potion of Cloud Giant Strength,https://5e.tools/items.html#potion%20of%20cloud%20giant%20strength_xdmg,550.0
Potion of Comprehension,https://5e.tools/items.html#potion%20of%20comprehension_xdmg,20.0
Potion of Diminution,https://5e.tools/items.html#potion%20of%20diminution_xdmg,200.0
Potion of Fire Breath,https://5e.tools/items.html#potion%20of%20fire%20breath_xdmg,200.0
Potion of Fire Giant Strength,https://5e.tools/items.html#potion%20of%20fire%20giant%20strength_xdmg,450.0
Potion of Flying,https://5e.tools/items.html#potion%20of%20flying_xdmg,500.0
Potion of Frost Giant Strength,https://5e.tools/items.html#potion%20of%20frost%20giant%20strength_xdmg,350.0
Potion of Gaseous Form,https://5e.tools/items.html#potion%20of%20gaseous%20form_xdmg,300.0
Potion of Greater Healing,https://5e.tools/items.html#potion%20of%20greater%20healing_xdmg,200.0
Potion of Greater Invisibility,https://5e.tools/items.html#potion%20of%20greater%20invisibility_xdmg,650.0
Potion of Growth,https://5e.tools/items.html#potion%20of%20growth_xdmg,150.0
Potion of Healing,https://5e.tools/items.html#potion%20of%20healing_xdmg,50.0
Potion of Heroism,https://5e.tools/items.html#potion%20of%20heroism_xdmg,200.0
Potion of Hill Giant Strength,https://5e.tools/items.html#potion%20of%20hill%20giant%20strength_xdmg,250.0
Potion of Invisibility,https://5e.tools/items.html#potion%20of%20invisibility_xdmg,200.0
Potion of Invulnerability,https://5e.tools/items.html#potion%20of%20invulnerability_xdmg,1000.0
Potion of Longevity,https://5e.tools/items.html#potion%20of%20longevity_xdmg,
Potion of Mind Reading,https://5e.tools/items.html#potion%20of%20mind%20reading_xdmg,500.0
Potion of Poison,https://5e.tools/items.html#potion%20of%20poison_xdmg,50.0
Potion of Pugilism,https://5e.tools/items.html#potion%20of%20pugilism_xdmg,150.0
Potion of Resistance,https://5e.tools/items.html#potion%20of%20resistance_xdmg,100.0
Potion of Speed,https://5e.tools/items.html#potion%20of%20speed_xdmg,650.0
Potion of Stone Giant Strength,https://5e.tools/items.html#potion%20of%20stone%20giant%20strength_xdmg,350.0
Potion of Storm Giant Strength,https://5e.tools/items.html#potion%20of%20storm%20giant%20strength_xdmg,
Potion of Superior Healing,https://5e.tools/items.html#potion%20of%20superior%20healing_xdmg,500.0
Potion of Supreme Healing,https://5e.tools/items.html#potion%20of%20supreme%20healing_xdmg,650.0
Potion of Vitality,https://5e.tools/items.html#potion%20of%20vitality_xdmg,650.0
Potion of Water Breathing,https://5e.tools/items.html#potion%20of%20water%20breathing_xdmg,50.0
Prosthetic Limb,https://5e.tools/items.html#prosthetic%20limb_xdmg,25.0
"Quaal's Feather Token, Anchor",https://5e.tools/items.html#quaal's%20feather%20token%2c%20anchor_xdmg,50.0
"Quaal's Feather Token, Bird",https://5e.tools/items.html#quaal's%20feather%20token%2c%20bird_xdmg,750.0
"Quaal's Feather Token, Fan",https://5e.tools/items.html#quaal's%20feather%20token%2c%20fan_xdmg,100.0
"Quaal's Feather Token, Swan Boat",https://5e.tools/items.html#quaal's%20feather%20token%2c%20swan%20boat_xdmg,500.0
"Quaal's Feather Token, Tree",https://5e.tools/items.html#quaal's%20feather%20token%2c%20tree_xdmg,50.0
"Quaal's Feather Token, Whip",https://5e.tools/items.html#quaal's%20feather%20token%2c%20whip_xdmg,500.0
Quarterstaff of the Acrobat,https://5e.tools/items.html#quarterstaff%20of%20the%20acrobat_xdmg,3000.0
Quiver of Ehlonna,https://5e.tools/items.html#quiver%20of%20ehlonna_xdmg,250.0
Ring of Animal Influence,https://5e.tools/items.html#ring%20of%20animal%20influence_xdmg,500.0
Ring of Djinni Summoning,https://5e.tools/items.html#ring%20of%20djinni%20summoning_xdmg,
Ring of Elemental Command,https://5e.tools/items.html#ring%20of%20elemental%20command_xdmg,
Ring of Evasion,https://5e.tools/items.html#ring%20of%20evasion_xdmg,500.0
Ring of Feather Falling,https://5e.tools/items.html#ring%20of%20feather%20falling_xdmg,500.0
Ring of Free Action,https://5e.tools/items.html#ring%20of%20free%20action_xdmg,1500.0
Ring of Invisibility,https://5e.tools/items.html#ring%20of%20invisibility_xdmg,
Ring of Jumping,https://5e.tools/items.html#ring%20of%20jumping_xdmg,100.0
Ring of Mind Shielding,https://5e.tools/items.html#ring%20of%20mind%20shielding_xdmg,100.0
Ring of Protection,https://5e.tools/items.html#ring%20of%20protection_xdmg,750.0
Ring of Regeneration,https://5e.tools/items.html#ring%20of%20regeneration_xdmg,2500.0
Ring of Resistance,https://5e.tools/items.html#ring%20of%20resistance_xdmg,1000.0
Ring of Shooting Stars,https://5e.tools/items.html#ring%20of%20shooting%20stars_xdmg,2500.0
Ring of Spell Storing,https://5e.tools/items.html#ring%20of%20spell%20storing_xdmg,1250.0
Ring of Spell Turning,https://5e.tools/items.html#ring%20of%20spell%20turning_xdmg,
Ring of Swimming,https://5e.tools/items.html#ring%20of%20swimming_xdmg,150.0
Ring of Telekinesis,https://5e.tools/items.html#ring%20of%20telekinesis_xdmg,5000.0
Ring of the Ram,https://5e.tools/items.html#ring%20of%20the%20ram_xdmg,1000.0
Ring of Three Wishes,https://5e.tools/items.html#ring%20of%20three%20wishes_xdmg,
Ring of Warmth,https://5e.tools/items.html#ring%20of%20warmth_xdmg,250.0
Ring of Water Walking,https://5e.tools/items.html#ring%20of%20water%20walking_xdmg,150.0
Ring of X-ray Vision,https://5e.tools/items.html#ring%20of%20x-ray%20vision_xdmg,500.0
Rival Coin,https://5e.tools/items.html#rival%20coin_xdmg,50.0
Robe of Eyes,https://5e.tools/items.html#robe%20of%20eyes_xdmg,1500.0
Robe of Scintillating Colors,https://5e.tools/items.html#robe%20of%20scintillating%20colors_xdmg,3000.0
Robe of Stars,https://5e.tools/items.html#robe%20of%20stars_xdmg,
Robe of the Archmagi,https://5e.tools/items.html#robe%20of%20the%20archmagi_xdmg,
Robe of Useful Items,https://5e.tools/items.html#robe%20of%20useful%20items_xdmg,
Rod of Absorption,https://5e.tools/items.html#rod%20of%20absorption_xdmg,5000.0
Rod of Alertness,https://5e.tools/items.html#rod%20of%20alertness_xdmg,4000.0
Rod of Lordly Might,https://5e.tools/items.html#rod%20of%20lordly%20might_xdmg,
Rod of Resurrection,https://5e.tools/items.html#rod%20of%20resurrection_xdmg,
Rod of Rulership,https://5e.tools/items.html#rod%20of%20rulership_xdmg,1500.0
Rod of Security,https://5e.tools/items.html#rod%20of%20security_xdmg,2500.0
Rope of Climbing,https://5e.tools/items.html#rope%20of%20climbing_xdmg,250.0
Rope of Entanglement,https://5e.tools/items.html#rope%20of%20entanglement_xdmg,750.0
Rope of Mending,https://5e.tools/items.html#rope%20of%20mending_xdmg,50.0
Ruby of the War Mage,https://5e.tools/items.html#ruby%20of%20the%20war%20mage_xdmg,25.0
Saddle of the Cavalier,https://5e.tools/items.html#saddle%20of%20the%20cavalier_xdmg,100.0
Scarab of Protection,https://5e.tools/items.html#scarab%20of%20protection_xdmg,
Scimitar of Speed,https://5e.tools/items.html#scimitar%20of%20speed_xdmg,3000.0
Scroll of Protection,https://5e.tools/items.html#scroll%20of%20protection_xdmg,500.0
Scroll of Titan Summoning,https://5e.tools/items.html#scroll%20of%20titan%20summoning_xdmg,
Sending Stones,https://5e.tools/items.html#sending%20stones_xdmg,100.0
Sentinel Shield,https://5e.tools/items.html#sentinel%20shield_xdmg,500.0
Shield of Expression,https://5e.tools/items.html#shield%20of%20expression_xdmg,25.0
Shield of Missile Attraction,https://5e.tools/items.html#shield%20of%20missile%20attraction_xdmg,1500.0
Shield of the Cavalier,https://5e.tools/items.html#shield%20of%20the%20cavalier_xdmg,5000.0
Silvered Weapon,https://5e.tools/items.html#silvered%20weapon_xdmg,50.0
Slippers of Spider Climbing,https://5e.tools/items.html#slippers%20of%20spider%20climbing_xdmg,250.0
Smoldering Armor,https://5e.tools/items.html#smoldering%20armor_xdmg,25.0
Sovereign Glue,https://5e.tools/items.html#sovereign%20glue_xdmg,
Spell Scroll (Cantrip),https://5e.tools/items.html#spell%20scroll%20(cantrip)_xdmg,30.0
Spell Scroll (Level 1),https://5e.tools/items.html#spell%20scroll%20(level%201)_xdmg,50.0
Spell Scroll (Level 2),https://5e.tools/items.html#spell%20scroll%20(level%202)_xdmg,100.0
Spell Scroll (Level 3),https://5e.tools/items.html#spell%20scroll%20(level%203)_xdmg,150.0
Spell Scroll (Level 4),https://5e.tools/items.html#spell%20scroll%20(level%204)_xdmg,700.0
Spell Scroll (Level 5),https://5e.tools/items.html#spell%20scroll%20(level%205)_xdmg,1000.0
Spell Scroll (Level 6),https://5e.tools/items.html#spell%20scroll%20(level%206)_xdmg,2000.0
Spell Scroll (Level 7),https://5e.tools/items.html#spell%20scroll%20(level%207)_xdmg,3500.0
Spell Scroll (Level 8),https://5e.tools/items.html#spell%20scroll%20(level%208)_xdmg,5000.0
Spell Scroll (Level 9),https://5e.tools/items.html#spell%20scroll%20(level%209)_xdmg,
Spellguard Shield,https://5e.tools/items.html#spellguard%20shield_xdmg,5000.0
Sphere of Annihilation,https://5e.tools/items.html#sphere%20of%20annihilation_xdmg,
Spirit Board,https://5e.tools/items.html#spirit%20board_xdmg,2500.0
Staff of Adornment,https://5e.tools/items.html#staff%20of%20adornment_xdmg,25.0
Staff of Birdcalls,https://5e.tools/items.html#staff%20of%20birdcalls_xdmg,25.0
Staff of Charming,https://5e.tools/items.html#staff%20of%20charming_xdmg,1500.0
Staff of Fire,https://5e.tools/items.html#staff%20of%20fire_xdmg,3000.0
Staff of Flowers,https://5e.tools/items.html#staff%20of%20flowers_xdmg,25.0
Staff of Frost,https://5e.tools/items.html#staff%20of%20frost_xdmg,3000.0
Staff of Healing,https://5e.tools/items.html#staff%20of%20healing_xdmg,1500.0
Staff of Power,https://5e.tools/items.html#staff%20of%20power_xdmg,5000.0
Staff of Striking,https://5e.tools/items.html#staff%20of%20striking_xdmg,2500.0
Staff of Swarming Insects,https://5e.tools/items.html#staff%20of%20swarming%20insects_xdmg,2000.0
Staff of the Adder,https://5e.tools/items.html#staff%20of%20the%20adder_xdmg,500.0
Staff of the Magi,https://5e.tools/items.html#staff%20of%20the%20magi_xdmg,
Staff of the Python,https://5e.tools/items.html#staff%20of%20the%20python_xdmg,500.0
Staff of the Woodlands,https://5e.tools/items.html#staff%20of%20the%20woodlands_xdmg,2500.0
Staff of Thunder and Lightning,https://5e.tools/items.html#staff%20of%20thunder%20and%20lightning_xdmg,3000.0
Staff of Withering,https://5e.tools/items.html#staff%20of%20withering_xdmg,2000.0
Stone of Controlling Earth Elementals,https://5e.tools/items.html#stone%20of%20controlling%20earth%20elementals_xdmg,1500.0
Stone of Good Luck,https://5e.tools/items.html#stone%20of%20good%20luck_xdmg,750.0
Sun Blade,https://5e.tools/items.html#sun%20blade_xdmg,1500.0
Sword of Answering,https://5e.tools/items.html#sword%20of%20answering_xdmg,
Book of Exalted Deeds,https://5e.tools/items.html#book%20of%20exalted%20deeds_xdmg,
Sword of Life Stealing,https://5e.tools/items.html#sword%20of%20life%20stealing_xdmg,1250.0
Sword of Sharpness,https://5e.tools/items.html#sword%20of%20sharpness_xdmg,3000.0
Sword of Vengeance,https://5e.tools/items.html#sword%20of%20vengeance_xdmg,500.0
Sword of Wounding,https://5e.tools/items.html#sword%20of%20wounding_xdmg,1500.0
Sylvan Talon,https://5e.tools/items.html#sylvan%20talon_xdmg,50.0
Talisman of Pure Good,https://5e.tools/items.html#talisman%20of%20pure%20good_xdmg,
Talisman of the Sphere,https://5e.tools/items.html#talisman%20of%20the%20sphere_xdmg,
Talisman of Ultimate Evil,https://5e.tools/items.html#talisman%20of%20ultimate%20evil_xdmg,
Talking Doll,https://5e.tools/items.html#talking%20doll_xdmg,25.0
Tankard of Sobriety,https://5e.tools/items.html#tankard%20of%20sobriety_xdmg,50.0
Tentacle Rod,https://5e.tools/items.html#tentacle%20rod_xdmg,1000.0
Thunderous Greatclub,https://5e.tools/items.html#thunderous%20greatclub_xdmg,5000.0
Tome of Clear Thought,https://5e.tools/items.html#tome%20of%20clear%20thought_xdmg,
Tome of Leadership and Influence,https://5e.tools/items.html#tome%20of%20leadership%20and%20influence_xdmg,
Tome of the Stilled Tongue,https://5e.tools/items.html#tome%20of%20the%20stilled%20tongue_xdmg,
Tome of Understanding,https://5e.tools/items.html#tome%20of%20understanding_xdmg,
Trident of Fish Command,https://5e.tools/items.html#trident%20of%20fish%20command_xdmg,500.0
Universal Solvent,https://5e.tools/items.html#universal%20solvent_xdmg,
Veteran's Cane,https://5e.tools/items.html#veteran's%20cane_xdmg,50.0
Vicious Weapon,https://5e.tools/items.html#vicious%20weapon_xdmg,1500.0
Vorpal Sword,https://5e.tools/items.html#vorpal%20sword_xdmg,
Walloping Ammunition,https://5e.tools/items.html#walloping%20ammunition_xdmg,5.0
Wand of Binding,https://5e.tools/items.html#wand%20of%20binding_xdmg,1000.0
Wand of Conducting,https://5e.tools/items.html#wand%20of%20conducting_xdmg,25.0
Wand of Enemy Detection,https://5e.tools/items.html#wand%20of%20enemy%20detection_xdmg,500.0
Wand of Fear,https://5e.tools/items.html#wand%20of%20fear_xdmg,1000.0
Wand of Fireballs,https://5e.tools/items.html#wand%20of%20fireballs_xdmg,1500.0
Wand of Lightning Bolts,https://5e.tools/items.html#wand%20of%20lightning%20bolts_xdmg,1500.0
Wand of Magic Detection,https://5e.tools/items.html#wand%20of%20magic%20detection_xdmg,250.0
Wand of Magic Missiles,https://5e.tools/items.html#wand%20of%20magic%20missiles_xdmg,750.0
Eye and Hand of Vecna,https://5e.tools/items.html#eye%20and%20hand%20of%20vecna_xdmg,
Wand of Paralysis,https://5e.tools/items.html#wand%20of%20paralysis_xdmg,2000.0
Wand of Polymorph,https://5e.tools/items.html#wand%20of%20polymorph_xdmg,3500.0
Wand of Secrets,https://5e.tools/items.html#wand%20of%20secrets_xdmg,250.0
Wand of Web,https://5e.tools/items.html#wand%20of%20web_xdmg,250.0
Wand of Wonder,https://5e.tools/items.html#wand%20of%20wonder_xdmg,1500.0
Book of Vile Darkness,https://5e.tools/items.html#book%20of%20vile%20darkness_xdmg,
Weapon of Warning,https://5e.tools/items.html#weapon%20of%20warning_xdmg,250.0
Well of Many Worlds,https://5e.tools/items.html#well%20of%20many%20worlds_xdmg,
Demonomicon of Iggwilv,https://5e.tools/items.html#demonomicon%20of%20iggwilv_xdmg,
Wind Fan,https://5e.tools/items.html#wind%20fan_xdmg,100.0
Winged Boots,https://5e.tools/items.html#winged%20boots_xdmg,750.0
Wings of Flying,https://5e.tools/items.html#wings%20of%20flying_xdmg,1500.0
Club,https://5e.tools/items.html#club_xphb,0.1
Dagger,https://5e.tools/items.html#dagger_xphb,2.0
Greatclub,https://5e.tools/items.html#greatclub_xphb,0.2
Handaxe,https://5e.tools/items.html#handaxe_xphb,5.0
Javelin,https://5e.tools/items.html#javelin_xphb,0.5
Light Hammer,https://5e.tools/items.html#light%20hammer_xphb,2.0
Mace,https://5e.tools/items.html#mace_xphb,5.0
Quarterstaff,https://5e.tools/items.html#quarterstaff_xphb,0.2
Sickle,https://5e.tools/items.html#sickle_xphb,1.0
Spear,https://5e.tools/items.html#spear_xphb,1.0
Dart,https://5e.tools/items.html#dart_xphb,0.05
Light Crossbow,https://5e.tools/items.html#light%20crossbow_xphb,25.0
Shortbow,https://5e.tools/items.html#shortbow_xphb,25.0
Sling,https://5e.tools/items.html#sling_xphb,0.1
Battleaxe,https://5e.tools/items.html#battleaxe_xphb,10.0
Flail,https://5e.tools/items.html#flail_xphb,10.0
Glaive,https://5e.tools/items.html#glaive_xphb,20.0
Greataxe,https://5e.tools/items.html#greataxe_xphb,30.0
Greatsword,https://5e.tools/items.html#greatsword_xphb,50.0
Halberd,https://5e.tools/items.html#halberd_xphb,20.0
Lance,https://5e.tools/items.html#lance_xphb,10.0
Longsword,https://5e.tools/items.html#longsword_xphb,15.0
Maul,https://5e.tools/items.html#maul_xphb,10.0
Morningstar,https://5e.tools/items.html#morningstar_xphb,15.0
Pike,https://5e.tools/items.html#pike_xphb,5.0
Rapier,https://5e.tools/items.html#rapier_xphb,25.0
Scimitar,https://5e.tools/items.html#scimitar_xphb,25.0
Shortsword,https://5e.tools/items.html#shortsword_xphb,10.0
Trident,https://5e.tools/items.html#trident_xphb,5.0
Warhammer,https://5e.tools/items.html#warhammer_xphb,15.0
War Pick,https://5e.tools/items.html#war%20pick_xphb,5.0
Whip,https://5e.tools/items.html#whip_xphb,2.0
Blowgun,https://5e.tools/items.html#blowgun_xphb,10.0
Hand Crossbow,https://5e.tools/items.html#hand%20crossbow_xphb,75.0
Heavy Crossbow,https://5e.tools/items.html#heavy%20crossbow_xphb,50.0
Longbow,https://5e.tools/items.html#longbow_xphb,50.0
Musket,https://5e.tools/items.html#musket_xphb,500.0
Pistol,https://5e.tools/items.html#pistol_xphb,250.0
Padded Armor,https://5e.tools/items.html#padded%20armor_xphb,5.0
Leather Armor,https://5e.tools/items.html#leather%20armor_xphb,10.0
Studded Leather Armor,https://5e.tools/items.html#studded%20leather%20armor_xphb,45.0
Hide Armor,https://5e.tools/items.html#hide%20armor_xphb,10.0
Chain Shirt,https://5e.tools/items.html#chain%20shirt_xphb,50.0
Scale Mail,https://5e.tools/items.html#scale%20mail_xphb,50.0
Breastplate,https://5e.tools/items.html#breastplate_xphb,400.0
Half Plate Armor,https://5e.tools/items.html#half%20plate%20armor_xphb,750.0
Ring Mail,https://5e.tools/items.html#ring%20mail_xphb,30.0
Chain Mail,https://5e.tools/items.html#chain%20mail_xphb,75.0
Splint Armor,https://5e.tools/items.html#splint%20armor_xphb,200.0
Plate Armor,https://5e.tools/items.html#plate%20armor_xphb,1500.0
Shield,https://5e.tools/items.html#shield_xphb,10.0
Alchemist’s Supplies,https://5e.tools/items.html#alchemist%27s%20supplies_xphb,50.0
Brewer’s Supplies,https://5e.tools/items.html#brewer%27s%20supplies_xphb,20.0
Calligrapher’s Supplies,https://5e.tools/items.html#calligrapher%27s%20supplies_xphb,10.0
Carpenter’s Tools,https://5e.tools/items.html#carpenter%27s%20tools_xphb,8.0
Cartographer’s Tools,https://5e.tools/items.html#cartographer%27s%20tools_xphb,15.0
Cobbler’s Tools,https://5e.tools/items.html#cobbler%27s%20tools_xphb,5.0
Cook’s Utensils,https://5e.tools/items.html#cook%27s%20utensils_xphb,1.0
Glassblower’s Tools,https://5e.tools/items.html#glassblower%27s%20tools_xphb,30.0
Jeweler’s Tools,https://5e.tools/items.html#jeweler%27s%20tools_xphb,25.0
Leatherworker’s Tools,https://5e.tools/items.html#leatherworker%27s%20tools_xphb,5.0
Mason’s Tools,https://5e.tools/items.html#mason%27s%20tools_xphb,10.0
Painter’s Supplies,https://5e.tools/items.html#painter%27s%20supplies_xphb,10.0
Potter’s Tools,https://5e.tools/items.html#potter%27s%20tools_xphb,10.0
Smith’s Tools,https://5e.tools/items.html#smith%27s%20tools_xphb,20.0
Tinker’s Tools,https://5e.tools/items.html#tinker%27s%20tools_xphb,50.0
Weaver’s Tools,https://5e.tools/items.html#weaver%27s%20tools_xphb,1.0
Woodcarver’s Tools,https://5e.tools/items.html#woodcarver%27s%20tools_xphb,1.0
Disguise Kit,https://5e.tools/items.html#disguise%20kit_xphb,25.0
Forgery Kit,https://5e.tools/items.html#forgery%20kit_xphb,15.0
Dice,https://5e.tools/items.html#dice_xphb,0.1
Dragonchess Set,https://5e.tools/items.html#dragonchess%20set_xphb,1.0
Playing Card Set,https://5e.tools/items.html#playing%20card%20set_xphb,0.5
Three-Dragon Ante Set,https://5e.tools/items.html#three-dragon%20ante%20set_xphb,1.0
Herbalism Kit,https://5e.tools/items.html#herbalism%20kit_xphb,5.0
Bagpipes,https://5e.tools/items.html#bagpipes_xphb,30.0
Drum,https://5e.tools/items.html#drum_xphb,6.0
Dulcimer,https://5e.tools/items.html#dulcimer_xphb,25.0
Flute,https://5e.tools/items.html#flute_xphb,2.0
Horn,https://5e.tools/items.html#horn_xphb,3.0
Lute,https://5e.tools/items.html#lute_xphb,35.0
Lyre,https://5e.tools/items.html#lyre_xphb,30.0
Pan Flute,https://5e.tools/items.html#pan%20flute_xphb,12.0
Shawm,https://5e.tools/items.html#shawm_xphb,2.0
Viol,https://5e.tools/items.html#viol_xphb,30.0
Navigator’s Tools,https://5e.tools/items.html#navigator%27s%20tools_xphb,25.0
Poisoner’s Kit,https://5e.tools/items.html#poisoner%27s%20kit_xphb,50.0
Thieves’ Tools,https://5e.tools/items.html#thieves%27%20tools_xphb,25.0
Acid,https://5e.tools/items.html#acid_xphb,25.0
Alchemist’s Fire,https://5e.tools/items.html#alchemist%27s%20fire_xphb,50.0
Ammunition,https://5e.tools/items.html#ammunition_xphb,0.0
Antitoxin,https://5e.tools/items.html#antitoxin_xphb,50.0
Arcane Focus,https://5e.tools/items.html#arcane%20focus_xphb,0.0
Backpack,https://5e.tools/items.html#backpack_xphb,2.0
Ball Bearings,https://5e.tools/items.html#ball%20bearings_xphb,1.0
Barrel,https://5e.tools/items.html#barrel_xphb,2.0
Basket,https://5e.tools/items.html#basket_xphb,0.4
Bedroll,https://5e.tools/items.html#bedroll_xphb,1.0
Bell,https://5e.tools/items.html#bell_xphb,1.0
Blanket,https://5e.tools/items.html#blanket_xphb,0.5
Block and Tackle,https://5e.tools/items.html#block%20and%20tackle_xphb,1.0
Book,https://5e.tools/items.html#book_xphb,25.0
Glass Bottle,https://5e.tools/items.html#glass%20bottle_xphb,2.0
Bucket,https://5e.tools/items.html#bucket_xphb,0.05
Burglar’s Pack,https://5e.tools/items.html#burglar%27s%20pack_xphb,16.0
Caltrops,https://5e.tools/items.html#caltrops_xphb,1.0
Candle,https://5e.tools/items.html#candle_xphb,0.01
Crossbow Bolt Case,https://5e.tools/items.html#crossbow%20bolt%20case_xphb,1.0
Map or Scroll Case,https://5e.tools/items.html#map%20or%20scroll%20case_xphb,1.0
Chain,https://5e.tools/items.html#chain_xphb,5.0
Chest,https://5e.tools/items.html#chest_xphb,5.0
Climber’s Kit,https://5e.tools/items.html#climber%27s%20kit_xphb,25.0
Fine Clothes,https://5e.tools/items.html#fine%20clothes_xphb,15.0
Traveler’s Clothes,https://5e.tools/items.html#traveler%27s%20clothes_xphb,2.0
Component Pouch,https://5e.tools/items.html#component%20pouch_xphb,25.0
Costume,https://5e.tools/items.html#costume_xphb,5.0
Crowbar,https://5e.tools/items.html#crowbar_xphb,2.0
Diplomat’s Pack,https://5e.tools/items.html#diplomat%27s%20pack_xphb,39.0
Druidic Focus,https://5e.tools/items.html#druidic%20focus_xphb,0.0
Dungeoneer’s Pack,https://5e.tools/items.html#dungeoneer%27s%20pack_xphb,12.0
Entertainer’s Pack,https://5e.tools/items.html#entertainer%27s%20pack_xphb,40.0
Explorer’s Pack,https://5e.tools/items.html#explorer%27s%20pack_xphb,10.0
Flask,https://5e.tools/items.html#flask_xphb,0.02
Grappling Hook,https://5e.tools/items.html#grappling%20hook_xphb,2.0
Healer’s Kit,https://5e.tools/items.html#healer%27s%20kit_xphb,5.0
Holy Symbol,https://5e.tools/items.html#holy%20symbol_xphb,0.0
Holy Water,https://5e.tools/items.html#holy%20water_xphb,25.0
Hunting Trap,https://5e.tools/items.html#hunting%20trap_xphb,5.0
Ink,https://5e.tools/items.html#ink_xphb,10.0
Ink Pen,https://5e.tools/items.html#ink%20pen_xphb,0.02
Jug,https://5e.tools/items.html#jug_xphb,0.02
Ladder,https://5e.tools/items.html#ladder_xphb,0.1
Lamp,https://5e.tools/items.html#lamp_xphb,0.5
Bullseye Lantern,https://5e.tools/items.html#bullseye%20lantern_xphb,10.0
Hooded Lantern,https://5e.tools/items.html#hooded%20lantern_xphb,5.0
Lock,https://5e.tools/items.html#lock_xphb,10.0
Magnifying Glass,https://5e.tools/items.html#magnifying%20glass_xphb,100.0
Manacles,https://5e.tools/items.html#manacles_xphb,2.0
Map,https://5e.tools/items.html#map_xphb,1.0
Mirror,https://5e.tools/items.html#mirror_xphb,5.0
Net,https://5e.tools/items.html#net_xphb,1.0
Oil,https://5e.tools/items.html#oil_xphb,0.1
Paper,https://5e.tools/items.html#paper_xphb,0.2
Parchment,https://5e.tools/items.html#parchment_xphb,0.1
Perfume,https://5e.tools/items.html#perfume_xphb,5.0
Basic Poison,https://5e.tools/items.html#basic%20poison_xphb,100.0
Pole,https://5e.tools/items.html#pole_xphb,0.05
Iron Pot,https://5e.tools/items.html#iron%20pot_xphb,2.0
Potion of Healing,https://5e.tools/items.html#potion%20of%20healing_xphb,50.0
Pouch,https://5e.tools/items.html#pouch_xphb,0.5
Priest’s Pack,https://5e.tools/items.html#priest%27s%20pack_xphb,33.0
Quiver,https://5e.tools/items.html#quiver_xphb,1.0
Portable Ram,https://5e.tools/items.html#portable%20ram_xphb,4.0
Rations,https://5e.tools/items.html#rations_xphb,0.5
Robe,https://5e.tools/items.html#robe_xphb,1.0
Rope,https://5e.tools/items.html#rope_xphb,1.0
Sack,https://5e.tools/items.html#sack_xphb,0.01
Scholar’s Pack,https://5e.tools/items.html#scholar%27s%20pack_xphb,40.0
Shovel,https://5e.tools/items.html#shovel_xphb,2.0
Signal Whistle,https://5e.tools/items.html#signal%20whistle_xphb,0.05
Spell Scroll (Cantrip),https://5e.tools/items.html#spell%20scroll%20%28cantrip%29_xphb,30.0
Spell Scroll (Level 1),https://5e.tools/items.html#spell%20scroll%20%28level%201%29_xphb,50.0
Iron Spikes,https://5e.tools/items.html#iron%20spikes_xphb,1.0
Spyglass,https://5e.tools/items.html#spyglass_xphb,1000.0
String,https://5e.tools/items.html#string_xphb,0.1
Tent,https://5e.tools/items.html#tent_xphb,2.0
Tinderbox,https://5e.tools/items.html#tinderbox_xphb,0.5
Torch,https://5e.tools/items.html#torch_xphb,0.01
Vial,https://5e.tools/items.html#vial_xphb,1.0
Waterskin,https://5e.tools/items.html#waterskin_xphb,0.2